profileUrl,username,fullName,imgUrl,id,isPrivate,isVerified,query,timestamp
https://instagram.com/samerissaofficial1,samerissaofficial1,Sámer Issa,https://scontent-cdg6-1.cdninstagram.com/v/t51.82787-19/705842168_18083470844422973_510031306427624367_n.jpg?stp=dst-jpg_e0_s150x150_tt6&efg=eyJ2ZW5jb2RlX3RhZyI6InByb2ZpbGVfcGljLmRqYW5nby4xMDgwLmMyIn0&_nc_ht=scontent-cdg6-1.cdninstagram.com&_nc_cat=105&_nc_oc=Q6cZ2gFHuLzTtng-8CeFmAT3-7Nkc_7xw1prlRCzPeGxgbfFY4sBDtxpt9OguA_xzwIaNdw&_nc_ohc=bbCUIFkSqQQQ7kNvwF0r3se&_nc_gid=27pEymw2la2FHx74tfbR_Q&edm=ALB854YBAAAA&ccb=7-5&oh=00_Af5akCU9Xoo1egkLz-qt3lPaNTLt3vWh0-meGI8guD2Rtg&oe=6A1E532B&_nc_sid=ce9561,42639366972,false,false,https://www.instagram.com/clashmmacom/,2026-05-28T16:47:53.106Z
https://instagram.com/erikytcz,erikytcz,Máša Erik,https://scontent-cdg4-2.cdninstagram.com/v/t51.82787-19/520169937_18045279491629896_5354523121224641322_n.jpg?stp=dst-jpg_e0_s150x150_tt6&efg=eyJ2ZW5jb2RlX3RhZyI6InByb2ZpbGVfcGljLmRqYW5nby4xMDM0LmMyIn0&_nc_ht=scontent-cdg4-2.cdninstagram.com&_nc_cat=100&_nc_oc=Q6cZ2gFHuLzTtng-8CeFmAT3-7Nkc_7xw1prlRCzPeGxgbfFY4sBDtxpt9OguA_xzwIaNdw&_nc_ohc=tEh94wo3wCwQ7kNvwHQ4HpM&_nc_gid=27pEymw2la2FHx74tfbR_Q&edm=ALB854YBAAAA&ccb=7-5&oh=00_Af6QazWub2r29dtOS8pu0jUeb2IGVuU9F1Oq3zzvedE5Tg&oe=6A1E53C3&_nc_sid=ce9561,48802533895,false,false,https://www.instagram.com/clashmmacom/,2026-05-28T16:47:53.106Z
https://instagram.com/freescoot,freescoot,YAKUB,https://scontent-cdg4-2.cdninstagram.com/v/t51.82787-19/624937171_18568991137038573_5450491078267973292_n.jpg?stp=dst-jpg_e0_s150x150_tt6&efg=eyJ2ZW5jb2RlX3RhZyI6InByb2ZpbGVfcGljLmRqYW5nby44MDAuYzIifQ&_nc_ht=scontent-cdg4-2.cdninstagram.com&_nc_cat=109&_nc_oc=Q6cZ2gFHuLzTtng-8CeFmAT3-7Nkc_7xw1prlRCzPeGxgbfFY4sBDtxpt9OguA_xzwIaNdw&_nc_ohc=LLU2EEYSe3oQ7kNvwGkalcS&_nc_gid=27pEymw2la2FHx74tfbR_Q&edm=ALB854YBAAAA&ccb=7-5&oh=00_Af7e0WeG7fzuc7qYITp3G-U8vV3x2AQ6auqpeF7RGtss8g&oe=6A1E4B28&_nc_sid=ce9561,325094572,false,true,https://www.instagram.com/clashmmacom/,2026-05-28T16:47:53.106Z
https://instagram.com/datel_marek_,datel_marek_,Marek Valášek,https://scontent-cdg6-1.cdninstagram.com/v/t51.2885-19/481317026_2922696664553573_524875070079422644_n.jpg?stp=dst-jpg_e0_s150x150_tt6&efg=eyJ2ZW5jb2RlX3RhZyI6InByb2ZpbGVfcGljLmRqYW5nby4xMDgwLmMyIn0&_nc_ht=scontent-cdg6-1.cdninstagram.com&_nc_cat=105&_nc_oc=Q6cZ2gFHuLzTtng-8CeFmAT3-7Nkc_7xw1prlRCzPeGxgbfFY4sBDtxpt9OguA_xzwIaNdw&_nc_ohc=UE8kduCxVe4Q7kNvwH9LA51&_nc_gid=27pEymw2la2FHx74tfbR_Q&edm=ALB854YBAAAA&ccb=7-5&oh=00_Af52ztaC9MfqzvF_3W8ttdf2UmP9ycRyDeO9lWQBptgAhA&oe=6A1E56BB&_nc_sid=ce9561,50726277552,false,true,https://www.instagram.com/clashmmacom/,2026-05-28T16:47:53.106Z
https://instagram.com/miroslavloner,miroslavloner,Fayne,https://scontent-cdg4-1.cdninstagram.com/v/t51.82787-19/612256231_18558508027030024_7321941926792616087_n.jpg?stp=dst-jpg_e0_s150x150_tt6&efg=eyJ2ZW5jb2RlX3RhZyI6InByb2ZpbGVfcGljLmRqYW5nby4xMDgwLmMyIn0&_nc_ht=scontent-cdg4-1.cdninstagram.com&_nc_cat=104&_nc_oc=Q6cZ2gFHuLzTtng-8CeFmAT3-7Nkc_7xw1prlRCzPeGxgbfFY4sBDtxpt9OguA_xzwIaNdw&_nc_ohc=SNoktQ9YSQoQ7kNvwGgpf7s&_nc_gid=27pEymw2la2FHx74tfbR_Q&edm=ALB854YBAAAA&ccb=7-5&oh=00_Af5lvu_HUn8DggClt-vFRDY7wczJ6AN64lc9e_ghIW4Yew&oe=6A1E572F&_nc_sid=ce9561,1014110023,false,true,https://www.instagram.com/clashmmacom/,2026-05-28T16:47:53.106Z
https://instagram.com/kat_protection,kat_protection,KAT PROTECTION | CHRÁNIČE NA ZUBY,https://scontent-cdg4-1.cdninstagram.com/v/t51.82787-19/503460023_18035870423661184_808255769379485655_n.jpg?stp=dst-jpg_e0_s150x150_tt6&efg=eyJ2ZW5jb2RlX3RhZyI6InByb2ZpbGVfcGljLmRqYW5nby4xMDgwLmMyIn0&_nc_ht=scontent-cdg4-1.cdninstagram.com&_nc_cat=104&_nc_oc=Q6cZ2gFHuLzTtng-8CeFmAT3-7Nkc_7xw1prlRCzPeGxgbfFY4sBDtxpt9OguA_xzwIaNdw&_nc_ohc=VcUGwmeXt7cQ7kNvwHD0KDH&_nc_gid=27pEymw2la2FHx74tfbR_Q&edm=ALB854YBAAAA&ccb=7-5&oh=00_Af6KALKzDre0MRtVISB9Esv0TpVN1y2QkM2WAwNTdKmNQg&oe=6A1E3D2F&_nc_sid=ce9561,49866741183,false,false,https://www.instagram.com/clashmmacom/,2026-05-28T16:47:53.106Z
https://instagram.com/nikolas__vesely,nikolas__vesely,N.Vesely,https://scontent-cdg4-1.cdninstagram.com/v/t51.82787-19/631352825_18100689520905572_1096414679862724907_n.jpg?stp=dst-jpg_e0_s150x150_tt6&efg=eyJ2ZW5jb2RlX3RhZyI6InByb2ZpbGVfcGljLmRqYW5nby4xMDgwLmMyIn0&_nc_ht=scontent-cdg4-1.cdninstagram.com&_nc_cat=108&_nc_oc=Q6cZ2gFHuLzTtng-8CeFmAT3-7Nkc_7xw1prlRCzPeGxgbfFY4sBDtxpt9OguA_xzwIaNdw&_nc_ohc=D28qlfELtUgQ7kNvwFhPhBr&_nc_gid=27pEymw2la2FHx74tfbR_Q&edm=ALB854YBAAAA&ccb=7-5&oh=00_Af5EDx1G8efKXYSbG0c6-WobvDom_4rAWY8i0Co8r7QoWQ&oe=6A1E457F&_nc_sid=ce9561,27157849571,false,true,https://www.instagram.com/clashmmacom/,2026-05-28T16:47:53.106Z
https://instagram.com/freesamirboy1,freesamirboy1,Samir Margina,https://scontent-cdg4-1.cdninstagram.com/v/t51.82787-19/621638977_17914944396266192_5235320983385004842_n.jpg?stp=dst-jpg_e0_s150x150_tt6&efg=eyJ2ZW5jb2RlX3RhZyI6InByb2ZpbGVfcGljLmRqYW5nby42MDAuYzIifQ&_nc_ht=scontent-cdg4-1.cdninstagram.com&_nc_cat=108&_nc_oc=Q6cZ2gFHuLzTtng-8CeFmAT3-7Nkc_7xw1prlRCzPeGxgbfFY4sBDtxpt9OguA_xzwIaNdw&_nc_ohc=yva25xiFpwsQ7kNvwFthmTS&_nc_gid=27pEymw2la2FHx74tfbR_Q&edm=ALB854YBAAAA&ccb=7-5&oh=00_Af6NqFI7RDgTc5y2HfFD9Bo7l5uQbP2TChyLD0KqbdVtQA&oe=6A1E4FAD&_nc_sid=ce9561,68075794191,true,true,https://www.instagram.com/clashmmacom/,2026-05-28T16:47:53.106Z
https://instagram.com/budik_security_clash,budik_security_clash,budik,https://scontent-cdg4-2.cdninstagram.com/v/t51.2885-19/450160488_793575536230029_3900584716649072504_n.jpg?stp=dst-jpg_e0_s150x150_tt6&efg=eyJ2ZW5jb2RlX3RhZyI6InByb2ZpbGVfcGljLmRqYW5nby4zMjAuYzIifQ&_nc_ht=scontent-cdg4-2.cdninstagram.com&_nc_cat=109&_nc_oc=Q6cZ2gFHuLzTtng-8CeFmAT3-7Nkc_7xw1prlRCzPeGxgbfFY4sBDtxpt9OguA_xzwIaNdw&_nc_ohc=u5KsCPmopaUQ7kNvwGMnp8a&_nc_gid=27pEymw2la2FHx74tfbR_Q&edm=ALB854YBAAAA&ccb=7-5&oh=00_Af438CvyjFq4Wyf5pBGUSnXa-2XvHMkkgowNGt19qI_6Tg&oe=6A1E5BE6&_nc_sid=ce9561,67932917415,false,false,https://www.instagram.com/clashmmacom/,2026-05-28T16:47:53.106Z
https://instagram.com/seaser0s,seaser0s,"Daniel ""Seaser"" Sirucek",https://scontent-cdg4-2.cdninstagram.com/v/t51.82787-19/706792998_18406102486195165_8052524278667400826_n.jpg?stp=dst-jpg_e0_s150x150_tt6&efg=eyJ2ZW5jb2RlX3RhZyI6InByb2ZpbGVfcGljLmRqYW5nby43ODAuYzIifQ&_nc_ht=scontent-cdg4-2.cdninstagram.com&_nc_cat=101&_nc_oc=Q6cZ2gFHuLzTtng-8CeFmAT3-7Nkc_7xw1prlRCzPeGxgbfFY4sBDtxpt9OguA_xzwIaNdw&_nc_ohc=DDnhHwbuczEQ7kNvwEz6_IB&_nc_gid=27pEymw2la2FHx74tfbR_Q&edm=ALB854YBAAAA&ccb=7-5&oh=00_Af5pWsEnYIRWvCw3rhC0tpqFMs2pogYA8mCjZGd2uqiFQA&oe=6A1E2F95&_nc_sid=ce9561,5774371164,false,false,https://www.instagram.com/clashmmacom/,2026-05-28T16:47:53.106Z
,,,,,,,,
,,,,,,,,
Export limit reached - Get more with our premium plans,,,,,,,,
Upgrade to export all your data with the link below:,,,,,,,,
https://phbuster.io/upgrade,,,,,,,,